Id,GarageType,GarageYrBlt,GarageCars,GarageArea,GarageQual,GarageCond
186,Detached,1993,3,840,Ex,TA
241,Attchd,2008,2,750,TA,TA
125,Attchd,1979,2,435,TA,TA
210,Attchd,1964,2,504,TA,Gd
1262,Attchd,1956,1,338,TA,TA
596,Attchd,2005,3,758,TA,TA
331,Detchd,2002,1,352,TA,TA
647,Detchd,1950,2,420,TA,TA
975,Detchd,1997,2,532,TA,TA
1039,,,0,472.980137,,
1303,Attchd,1994,3,844,TA,TA
1373,Detached,1998,2,583,TA,TA
778,Attchd,1974,2,440,TA,TA
788,BuiltIn,2004,2,618,TA,TA
1071,Attchd,1956,1,286,TA,TA
297,Attchd,1950,1,282,TA,TA
1251,Attchd,1968,2,522,TA,TA
1438,Attchd,2008,3,774,TA,TA
1143,BuiltIn,2006,3,1052,TA,TA
56,Attchd,1964,2,576,TA,TA
523,Detchd,1950,2,420,TA,TA
308,,,0,472.980137,,
1432,Attchd,1976,2,440,TA,TA
1133,Detchd,1930,1,205,Fa,TA
1405,Detchd,1998,3,936,TA,TA
1035,Basment,1938,1,240,Fa,TA
204,Attchd,2004,2,420,TA,TA
651,Attchd,2007,2,562,TA,TA
1244,Attchd,2006,3,850,TA,TA
744,Attchd,1997,2,480,TA,TA
260,Detached,1956,1,308,TA,TA
32,Attchd,1966,1,271,TA,TA
226,Detchd,1991,1,280,TA,TA
221,Attchd,2006,2,675,TA,TA
798,Attchd,1953,1,240,TA,TA
413,Attchd,2009,2,484,TA,TA
868,Attchd,1961,2,544,TA,TA
478,BuiltIn,2006,3,694,TA,TA
787,Detchd,1961,1,416,TA,TA
886,Attchd,1999,2,506,TA,TA
557,Attchd,1957,1,299,TA,TA
44,Detchd,1977,1,308,TA,TA
1057,Attchd,2005,2,484,TA,TA
68,Attchd,2003,2,558,TA,TA
1201,Attchd,1972,1,280,TA,TA
1383,Detached,1989,2,576,TA,TA
907,Attchd,2006,3,865,TA,TA
907,Attchd,2006,3,865,TA,TA
1057,Attchd,2005,2,484,TA,TA
68,Attchd,2003,2,558,TA,TA
1201,Attchd,1972,1,280,TA,TA
1383,Detchd,1989,2,576,TA,TA
907,Attchd,2006,3,865,TA,TA
143,Detchd,2000,2,720,TA,TA
1179,Detchd,1921,1,186,Fa,TA
935,Attchd,1960,2,505,TA,TA
783,Attchd,2001,2,605,TA,TA
1361,BuiltIn,1998,2,621,TA,TA
1301,Attchd,1999,2,490,TA,TA
1119,BuiltIn,1958,1,300,TA,TA
1305,Detached,2004,2,380,TA,TA
1165,Attchd,1978,2,588,TA,TA
990,Attchd,2006,2,614,TA,TA
1058,BuiltIn,1994,2,467,TA,TA
535,Attchd,2004,2,403,TA,TA
175,Attchd,1986,2,616,TA,TA
1276,Detached,1948,2,400,TA,Fa
496,,,0,472.980137,,
908,Attchd,1936,1,180,Fa,TA
23,Attchd,2002,2,534,TA,TA
354,Detached,2005,2,484,TA,TA
147,Detached,1931,1,180,Fa,TA
491,BuiltIn,1976,1,336,TA,TA
1023,Detchd,1957,1,160,Fa,Fa
717,Detchd,1996,2,704,TA,TA
966,Attchd,2005,2,393,TA,TA
545,Attchd,2006,2,426,TA,TA
1446,Detchd,1990,1,240,TA,TA
862,Attchd,1965,2,504,TA,TA
1257,Attchd,1994,2,691,TA,TA
288,,,0,472.980137,,
1099,Detchd,1936,1,240,TA,TA
766,Attchd,2008,2,592,TA,TA
745,Attchd,1993,2,462,TA,TA
95,Attchd,1997,2,684,TA,TA
216,Attchd,1957,1,447,TA,TA
104,Attchd,2009,3,740,TA,TA
1049,Attchd,1960,2,336,TA,TA
494,Detchd,1964,1,308,TA,TA
938,Attchd,2005,2,689,TA,TA
1389,Attchd,2006,3,758,TA,TA
106,Attchd,2003,2,648,TA,TA
646,Detchd,1979,2,576,TA,TA
1093,Detchd,1925,2,576,TA,TA
1450,,,0,472.980137,,
639,,,0,472.980137,,
295,Attchd,1953,2,418,TA,TA
255,Attchd,1957,1,294,TA,TA
193,Attchd,1999,2,666,TA,TA
473,Basment,2005,2,525,TA,TA
67,Attchd,1970,2,576,TA,TA
1407,Detchd,1988,2,396,TA,TA
758,Attchd,1978,2,440,TA,TA
1152,Attchd,1959,2,528,TA,TA
1350,,,0,472.980137,,
1238,BuiltIn,2004,2,434,TA,TA
816,Attchd,1998,2,598,TA,TA
1028,Attchd,2008,3,800,TA,TA
60,Detchd,1973,1,352,TA,TA
941,Attchd,1976,2,574,TA,TA
108,Detchd,1948,1,250,TA,TA
660,Detchd,1968,2,480,TA,TA
1141,Detchd,1988,2,840,TA,TA
1220,,,0,472.980137,,
1130,Detchd,1980,2,672,TA,TA
1118,Attchd,1967,2,450,TA,TA
738,Attchd,2005,3,800,TA,TA
1041,Attchd,1957,2,484,TA,TA
1107,Attchd,1990,2,719,TA,TA
542,BuiltIn,2000,3,648,TA,TA
389,Attchd,1999,2,577,TA,TA
955,,,0,472.980137,,
301,Attchd,1953,1,375,TA,TA
482,Attchd,2003,3,874,TA,TA
256,BuiltIn,1999,2,429,TA,TA
844,,,0,472.980137,,
669,Detchd,1999,2,576,TA,TA
73,Attchd,1998,2,427,TA,TA
244,Attchd,1980,1,288,TA,TA
1444,Detchd,1916,1,192,Fa,Po
1329,Detchd,1920,2,520,Fa,TA
1231,BuiltIn,1977,2,600,TA,TA
1247,Attchd,2005,2,615,TA,TA
1024,Attchd,2005,2,437,TA,TA
1266,Detchd,1999,2,506,TA,TA
180,Detchd,1935,2,480,Fa,TA
1209,Detchd,1980,2,506,TA,TA
6,Attchd,1993,2,480,TA,TA
1194,Attchd,1999,2,402,TA,TA
198,Detchd,1918,2,795,TA,TA
905,Attchd,1967,1,288,TA,TA
1116,Attchd,2007,3,928,TA,TA
853,Detchd,1941,1,240,TA,TA
602,Detchd,1979,1,544,TA,TA
326,Detchd,1941,2,360,TA,TA
502,Attchd,2005,2,603,TA,TA
423,Attchd,1954,2,520,TA,TA
556,Detached,1922,1,280,TA,TA
265,Detached,1965,2,504,TA,TA
1114,Attchd,1953,1,240,TA,TA
1177,Attchd,1984,1,264,TA,TA
1408,,,0,472.980137,,
1353,Detached,1999,2,624,TA,TA
328,Attchd,1960,1,292,TA,TA
469,Attchd,2006,3,866,TA,TA
680,Detached,1963,2,572,TA,TA
1120,Attchd,1959,1,286,TA,TA
493,Attchd,2006,2,429,TA,TA
5,Attchd,2000,3,836,TA,TA
387,,,0,472.980137,,
792,Attchd,1976,2,539,TA,TA
1222,Attchd,1968,1,322,TA,TA
353,Detached,1941,1,200,TA,Fa
327,Attchd,1993,2,473,TA,TA
500,Attchd,1958,1,297,TA,TA
967,Detached,1940,1,256,TA,TA
208,Attchd,1960,1,312,TA,TA
511,CarPort,1951,1,288,TA,TA
1126,Detached,1977,2,672,Fa,Fa
1241,Attchd,2003,2,543,TA,TA
345,Attchd,1976,1,336,TA,TA
574,BuiltIn,2000,2,400,TA,TA
985,Attchd,1977,2,539,TA,TA
591,Attchd,2004,2,520,TA,TA
219,Attchd,1939,2,431,TA,TA
190,Attchd,2001,2,682,TA,TA
1399,Attchd,1950,1,240,TA,TA
1002,Detchd,1920,1,216,Fa,TA
1338,,,0,472.980137,,
1013,Detchd,1923,1,180,TA,TA
810,Detchd,1910,2,360,Fa,Po
553,Attchd,2006,3,908,TA,TA
1410,Attchd,1986,2,542,TA,TA
371,Attchd,2000,2,460,TA,TA
324,Attchd,1955,1,220,Fa,TA
725,Attchd,2007,3,768,TA,TA
582,Attached,2009,3,1390,TA,TA
633,Attchd,1977,2,544,TA,TA
258,Attchd,2006,2,660,TA,TA
1043,Attchd,2005,2,624,TA,TA
76,BuiltIn,1973,1,297,TA,TA
696,Attchd,1987,2,551,TA,TA
531,Attchd,1988,2,600,TA,TA
718,Attchd,1973,2,439,TA,TA
505,Attchd,1974,2,440,TA,TA
1088,Attached,2005,3,1043,TA,TA
515,Detchd,1926,1,200,Po,Po
1162,Detchd,1993,2,924,TA,TA
1311,Attchd,1959,2,567,TA,TA
1287,Attchd,1963,2,528,TA,TA
510,Attchd,1959,1,270,TA,TA
90,,,0,472.980137,,
1193,Detchd,1925,1,250,TA,Fa
227,Attchd,1995,3,721,TA,TA
166,,,0,472.980137,,
82,Attchd,1998,2,405,TA,TA
1215,Attchd,1962,1,300,TA,TA
1430,Attchd,1981,2,467,TA,TA
1059,Attchd,2008,3,836,TA,TA
1148,Attchd,1941,1,234,TA,TA
519,Attchd,1998,2,546,TA,TA
1239,Detchd,2005,2,484,TA,TA
784,Attchd,1978,2,602,TA,TA
1087,Attchd,1973,1,286,TA,TA
780,Attchd,1977,2,504,TA,TA
521,,,0,472.980137,,
609,Basment,1934,2,380,TA,TA
856,Detchd,1962,1,260,TA,TA
92,Attchd,1961,2,480,TA,TA
488,Attchd,1971,2,487,TA,TA
356,Attchd,1995,2,521,TA,TA
625,Attchd,1972,2,484,TA,TA
406,Attchd,1993,2,490,TA,TA
1078,Attchd,1969,1,299,TA,TA
1225,Attchd,2004,2,388,TA,TA
1,Attchd,2003,2,548,TA,TA
274,Attchd,1958,1,338,TA,TA
571,Detchd,1987,2,576,TA,TA
565,Attchd,1992,2,590,TA,TA
64,Detchd,1990,2,480,TA,TA
1271,Attchd,1979,2,586,TA,TA
358,Attchd,1976,2,528,TA,TA
870,Attchd,1993,2,574,TA,TA
845,Detchd,1949,3,720,TA,TA
396,Attchd,1956,1,596,TA,TA
3,Attchd,2001,2,608,TA,TA
1204,Attchd,2000,2,451,TA,TA
316,Attchd,2004,2,432,TA,TA
164,,,0,472.980137,,
710,Attchd,1966,1,408,TA,TA
162,BuiltIn,2003,3,726,TA,TA
146,Detchd,2004,2,380,TA,TA
1449,Detchd,1950,1,384,Fa,TA
507,Attchd,1993,2,471,TA,TA
1151,Attchd,1950,1,306,TA,TA
362,Detchd,1940,1,240,TA,TA
1367,Attchd,1999,2,588,TA,TA
1053,Attchd,1964,2,540,TA,TA
176,Attchd,1950,2,576,TA,TA
142,Attchd,2005,2,660,TA,TA
690,Attchd,2005,2,460,TA,TA
1352,Attchd,1962,2,490,TA,TA
1045,Attchd,1981,2,542,TA,TA
236,Detchd,1971,1,264,TA,TA
1109,Attchd,2000,2,463,TA,TA
530,Attchd,1975,2,484,TA,TA
1175,Detchd,1932,2,360,TA,TA
1198,Detchd,1916,1,225,TA,TA
568,Attchd,2004,2,532,TA,TA
159,Attchd,2004,2,678,TA,TA
442,,,0,472.980137,,
34,Attchd,1959,2,447,TA,TA
1240,Attchd,2006,2,472,TA,TA
1060,Detchd,1977,2,432,TA,Fa
1293,Attchd,1985,1,432,TA,TA
107,Detchd,1954,1,273,Fa,Fa
1369,Attchd,2003,2,420,TA,TA
484,Attchd,1998,2,402,TA,TA
121,Attchd,1969,2,540,TA,TA
55,Detchd,1962,2,572,TA,TA
1437,Detchd,1974,2,528,TA,TA
923,Attchd,2005,2,397,TA,TA
957,Attchd,1980,2,462,TA,TA
168,Attchd,2007,3,789,TA,TA
346,Detchd,1939,1,312,TA,TA
1104,BuiltIn,1954,2,539,TA,TA
479,Attchd,2007,3,826,TA,TA
1336,Attchd,1977,2,630,TA,TA
311,Attchd,1993,2,420,TA,TA
333,Attchd,2003,3,880,TA,TA
666,Attchd,2000,2,504,TA,TA
369,Attchd,1954,1,244,TA,TA
979,Detchd,1999,2,400,TA,TA
130,2Types,1998,2,750,TA,TA
737,Detchd,1949,2,400,TA,TA
420,Attchd,1968,1,304,TA,TA
1323,Attchd,1992,2,564,TA,TA
101,Attchd,1977,2,480,TA,TA
368,Basment,1962,1,296,TA,TA
357,Attchd,1992,2,400,TA,TA
1351,Detchd,1969,4,968,TA,TA
770,BuiltIn,2003,3,841,TA,TA
490,Attchd,1970,1,286,TA,TA
1187,CarPort,1920,2,420,Fa,Fa
687,Attchd,2007,2,578,TA,TA
438,Detchd,1926,1,180,TA,TA
1129,BuiltIn,2004,2,434,TA,TA
1274,Basment,1959,1,312,TA,TA
1196,Attchd,2005,2,400,TA,TA
925,Attchd,1980,2,612,TA,TA
1121,Detchd,1920,1,308,TA,TA
1288,Attchd,1964,2,390,TA,TA
1397,Detchd,1966,2,572,TA,TA
100,,,0,472.980137,,
762,Detchd,1965,2,440,TA,TA
1428,Attchd,1962,1,288,TA,TA
361,Attchd,1978,2,470,TA,TA
1377,Detchd,1925,1,160,Fa,TA
305,Attchd,2003,3,870,TA,TA
1346,Detchd,1997,1,308,TA,TA
405,BuiltIn,1995,2,373,TA,TA
705,Attchd,2004,2,606,TA,TA
209,Attchd,1988,2,454,TA,TA
372,Detchd,1991,2,680,TA,TA
936,Detchd,1953,2,528,TA,TA
286,Detchd,2006,2,528,TA,TA
775,Attchd,2006,3,895,TA,TA
1409,Detchd,1966,2,528,TA,TA
1213,Attchd,1941,1,234,TA,TA
367,Attchd,1963,2,514,TA,TA
684,Attchd,2002,3,702,TA,TA
283,Attchd,2008,2,626,TA,TA
1176,Attchd,1992,2,541,TA,TA
506,Detchd,1952,2,400,TA,TA
1160,Attchd,1974,2,540,Gd,TA
1417,Detchd,1971,2,560,TA,TA
1258,,,0,472.980137,,
218,Detchd,1940,1,210,TA,TA
1140,Detchd,1972,2,495,TA,TA
946,Detchd,1963,2,456,TA,TA
1137,Attchd,1950,1,288,TA,TA
148,BuiltIn,2001,2,434,TA,TA
110,Attchd,1977,2,546,TA,TA
1169,Basment,1935,2,540,TA,TA
1007,Attchd,1970,2,484,TA,TA
1380,BuiltIn,2007,2,400,TA,TA
251,,,0,472.980137,,
359,BuiltIn,1958,1,288,TA,TA
1172,Attchd,1958,2,433,TA,TA
548,Detchd,1987,2,624,TA,TA
45,Attchd,1959,1,300,TA,TA
1299,Attached,2008,2,1418,TA,TA
817,Attchd,1954,1,275,TA,TA
779,Detchd,1977,2,630,TA,TA
1186,Attchd,1965,1,392,TA,TA
1105,Detchd,1970,2,440,TA,TA
823,BuiltIn,2003,2,433,TA,TA
1066,Attchd,1996,2,533,TA,TA
350,Attchd,2006,3,706,TA,TA
878,Attchd,2004,3,738,TA,TA
1195,Attchd,1969,1,299,TA,TA
695,Detchd,1995,2,576,TA,TA
1342,Detchd,2004,2,576,TA,TA
93,Detchd,1921,2,432,TA,TA
447,Attchd,1966,2,578,TA,TA
1390,Detchd,2003,2,440,TA,TA
8,Attchd,1973,2,484,TA,TA
896,Attchd,1963,2,483,TA,TA
1339,BuiltIn,2002,2,492,TA,TA
1076,Attchd,1940,1,240,TA,TA
618,Detchd,1962,2,528,TA,TA
1021,Attchd,2005,2,451,TA,TA
1347,Attchd,1968,2,508,Gd,TA
102,Attchd,1985,2,476,TA,TA
114,Basment,1953,2,450,TA,TA
1324,,,0,472.980137,,
1400,Detchd,1925,1,216,Fa,TA
1365,Detchd,2005,2,480,TA,TA
1020,Attchd,2005,2,440,TA,TA
446,Attchd,1956,2,480,TA,TA
460,Detchd,1950,1,352,TA,TA
465,,,0,472.980137,,
349,BuiltIn,2003,2,474,TA,TA
692,Attchd,1994,3,832,TA,TA
586,Attchd,2005,3,880,TA,TA
533,Detchd,1967,1,392,TA,TA
715,Attchd,1976,2,475,TA,TA
1280,Detchd,1980,2,528,TA,TA
1435,Attchd,1977,2,484,TA,TA
429,Attchd,2007,2,628,TA,TA
1036,Detchd,1957,1,290,TA,TA
1004,Detchd,1976,2,528,TA,TA
538,Detchd,1980,2,576,TA,TA
503,Detchd,1965,2,461,Fa,Fa
843,Attchd,1966,2,490,Gd,Gd
612,Attchd,1978,2,564,TA,TA
1064,Detached,1976,2,440,TA,TA
761,Detached,2008,1,300,Ex,Ex
1424,Attchd,1966,2,432,Gd,Gd
701,Attchd,2002,3,765,TA,TA
220,Attchd,2005,2,438,TA,TA
1051,Attchd,2007,2,436,TA,TA
441,Attchd,2008,3,672,TA,TA
595,Detchd,1981,1,280,TA,TA
800,Detchd,1939,1,240,TA,TA
637,,,0,472.980137,,
1398,Detchd,1933,1,180,Fa,Fa
965,BuiltIn,2002,2,510,TA,TA
992,Attchd,1925,2,424,TA,TA
343,Detchd,1949,2,400,TA,TA
1079,Attchd,2004,2,420,TA,TA
733,Attchd,1998,2,541,TA,TA
1360,Attchd,2004,3,770,TA,TA
62,Detchd,1935,1,288,TA,TA
916,Attchd,1970,1,286,TA,TA
948,Attchd,2002,3,808,TA,TA
1236,Detchd,1914,1,180,Fa,Fa
806,Attchd,2008,2,554,TA,TA
1027,Attchd,1960,2,461,TA,TA
483,Attchd,1915,1,164,Fa,Fa
13,Detchd,1962,1,352,TA,TA
932,Detchd,1965,1,429,TA,TA
539,Attchd,1968,1,336,TA,TA
1197,BuiltIn,2006,3,660,TA,TA
797,Attchd,1977,2,528,TA,TA
1295,Detchd,1957,2,572,TA,TA
809,Attchd,1966,2,484,TA,TA
559,Attchd,1996,2,406,TA,TA
334,Attchd,2004,2,484,TA,TA
109,,,0,472.980137,,
1158,Attchd,2008,2,626,TA,TA
561,Detchd,1957,2,528,TA,TA
708,Attchd,2006,2,550,TA,TA
422,Attchd,1977,2,529,TA,TA
1098,Attchd,1987,2,461,TA,TA
462,Detchd,1971,2,576,TA,TA
963,Detchd,1976,2,440,TA,TA
1135,Attchd,1997,2,460,TA,TA
814,Attchd,1958,1,301,TA,TA
1345,Attchd,2006,2,440,TA,TA
365,Attchd,1976,2,566,TA,TA
486,Attchd,1950,1,264,TA,TA
1067,Attchd,1993,2,380,TA,TA
912,Detchd,1978,1,252,TA,TA
449,Detchd,1937,1,198,TA,TA
663,Attchd,1968,2,576,TA,TA
930,BuiltIn,1997,2,642,TA,TA
1180,,,0,472.980137,,
330,Detchd,1920,1,189,Fa,Fa
1001,Detchd,1956,2,528,TA,Fa
18,CarPort,1967,2,516,TA,TA
41,Attchd,1965,2,440,TA,TA
1253,Attchd,1968,1,288,TA,TA
321,Attchd,2006,3,840,TA,TA
961,,,0,472.980137,,
435,,,0,472.980137,,
1404,Attchd,2007,3,754,TA,TA
200,Attchd,2004,3,856,TA,TA
314,Attchd,1965,2,513,TA,TA
585,Detchd,1935,1,240,TA,TA
1348,Attchd,2006,3,712,TA,TA
154,Attchd,1960,2,564,TA,TA
1155,Attchd,1965,2,492,TA,TA
281,Attchd,1989,2,575,TA,TA
419,Detchd,1940,1,240,TA,TA
172,Attchd,1960,2,528,TA,TA
167,Attchd,1955,1,303,TA,TA
1081,Attchd,1971,2,528,TA,TA
734,Attchd,1961,1,264,TA,TA
1073,Detchd,1954,1,280,TA,TA
312,Detchd,1948,1,240,TA,TA
394,,,0,472.980137,,
456,Attchd,1973,2,528,TA,TA
458,Attchd,1954,2,529,TA,TA
648,Attchd,1953,2,495,TA,TA
141,,,0,472.980137,,
988,Attchd,2010,3,606,TA,TA
1419,Detchd,1962,1,336,TA,TA
631,Detchd,1937,1,240,Fa,Po
1312,Attchd,2005,2,508,TA,TA
1015,Detchd,1948,1,240,TA,TA
544,Attchd,1998,1,367,TA,TA
1429,Attchd,1940,1,240,TA,TA
1113,Detchd,1957,1,308,TA,TA
1298,Basment,2005,2,525,TA,TA
590,Detchd,1988,1,308,TA,TA
178,Attchd,1958,2,451,TA,TA
773,Detchd,1976,2,672,TA,TA
547,Detchd,1950,2,440,TA,TA
902,Detchd,1968,1,756,TA,TA
466,Attchd,2004,2,398,TA,TA
1228,Detchd,1992,2,576,TA,TA
1300,Attchd,1959,1,305,TA,TA
337,Attchd,2005,3,676,TA,TA
986,Detchd,1950,1,240,TA,TA
30,Detchd,1920,1,240,Fa,TA
1343,Attchd,2002,2,647,TA,TA
1202,Attchd,1998,2,546,TA,TA
294,Attchd,1977,2,539,TA,TA
913,Detchd,1925,1,450,TA,TA
1089,Detchd,2004,2,380,TA,TA
673,Attchd,1977,2,546,TA,TA
1314,BuiltIn,1999,3,779,TA,TA
1413,Detchd,1956,2,420,TA,TA
347,Attchd,1960,1,301,TA,TA
1412,Attchd,1950,1,271,TA,TA
1084,Attchd,1964,1,461,TA,TA
170,Attchd,1981,2,511,TA,TA
21,BuiltIn,2005,3,853,TA,TA
492,Attchd,1941,1,240,TA,TA
919,Attchd,1991,3,833,TA,TA
658,Attchd,1931,1,270,TA,TA
1206,Attchd,1990,3,701,TA,TA
22,Attchd,1930,1,280,TA,TA
277,Attchd,2003,2,573,TA,TA
739,,,0,472.980137,,
848,Attchd,1972,1,338,TA,TA
65,Attchd,1998,2,645,TA,TA
1085,Attchd,1995,2,409,TA,TA
1128,Attchd,2004,3,630,TA,TA
1090,Attchd,2005,2,550,TA,TA
450,Detchd,1981,1,308,TA,TA
1080,Attchd,1996,1,299,TA,TA
12,BuiltIn,2005,3,736,TA,TA
16,Detchd,1991,2,576,TA,TA
1223,Attchd,1949,1,315,TA,TA
918,Attchd,1956,1,284,TA,TA
113,BuiltIn,2007,3,792,TA,TA
1229,Attached,2008,3,1052,TA,TA
873,Attchd,1953,2,414,TA,TA
1281,Attchd,2002,2,544,TA,TA
1445,Attchd,2004,2,626,TA,TA
1364,BuiltIn,2007,2,432,TA,TA
336,Attchd,1965,2,529,TA,TA
250,Attchd,1958,2,389,TA,TA
1173,Detchd,2006,2,625,TA,TA
182,Detchd,1920,1,216,Fa,TA
385,Attchd,1992,2,501,TA,TA
1083,Attchd,2002,2,527,TA,TA
291,Attchd,2006,2,685,Gd,TA
659,Attchd,1948,1,330,TA,TA
1358,Attchd,1971,2,500,TA,TA
1318,Attchd,2006,2,466,TA,TA
137,Attchd,1967,1,318,TA,TA
608,Attchd,1948,1,230,TA,TA
476,Detchd,1996,2,624,TA,TA
1245,Detchd,1931,2,400,TA,TA
397,Detchd,1985,2,600,TA,TA
1317,Attchd,2008,3,860,TA,TA
1154,Detchd,2002,1,432,TA,TA
1138,,,0,472.980137,,
885,Attchd,1967,1,288,TA,TA
676,Attchd,1978,2,440,TA,TA
390,BuiltIn,2008,3,846,TA,TA
534,,,0,472.980137,,
1184,Detchd,1970,2,720,TA,TA
239,Attchd,2007,3,818,TA,TA
335,Attchd,1998,2,472,TA,TA
1042,Attchd,1966,2,484,TA,TA
813,Basement,1952,2,504,TA,TA
1416,Attchd,2007,3,660,TA,TA
112,BuiltIn,2000,2,400,TA,TA
386,Attchd,2004,2,430,TA,TA
1440,Attchd,1979,2,550,TA,TA
99,Basement,1920,1,366,Fa,TA
752,Attchd,2003,2,400,TA,TA
276,Detchd,1978,2,672,TA,TA
732,Attchd,2003,2,438,TA,TA
1307,Attchd,2005,2,474,TA,TA
1261,BuiltIn,1999,2,502,TA,TA
270,Attchd,1987,1,504,TA,Gd
628,Basement,1955,1,364,TA,TA
403,Detchd,1940,1,240,TA,TA
1145,Detchd,1941,1,280,TA,TA
1011,Attchd,1948,1,312,TA,TA
1183,Attchd,1996,3,813,TA,TA
445,Attchd,1994,2,493,TA,TA
149,,,0,472.980137,,
94,Detchd,1900,2,506,TA,TA
741,Detchd,1910,2,360,TA,Gd
377,Detchd,1998,2,576,TA,TA
1278,Attchd,1967,2,480,TA,TA
1106,Attchd,1994,2,712,TA,TA
384,Detchd,1950,2,360,Fa,Fa
1047,BuiltIn,2005,3,716,TA,TA
566,Detchd,1920,1,216,TA,TA
712,Detchd,1964,1,384,TA,TA
43,Attchd,1983,2,504,TA,Gd
558,CarPort,1994,1,570,TA,TA
1349,Attchd,1998,2,514,TA,TA
987,Attchd,1950,1,255,Fa,TA
833,Attchd,2003,2,613,TA,TA
1190,Attchd,1999,2,442,TA,TA
827,,,0,472.980137,,
1191,2Types,1975,4,1356,TA,TA
971,,,0,472.980137,,
812,Attchd,2004,2,420,TA,TA
517,Attchd,1972,2,583,TA,TA
341,Attchd,2002,2,431,TA,TA
747,BuiltIn,2000,2,554,TA,TA
52,Detchd,1985,2,528,TA,TA
1443,Attchd,2008,3,812,TA,TA
271,Attached,2006,3,1053,TA,TA
954,Attchd,1969,2,530,TA,TA
179,Attached,2009,3,1166,TA,TA
601,BuiltIn,2003,2,736,TA,TA
42,Attchd,1959,1,308,TA,TA
81,Attchd,1968,1,509,TA,TA
649,Attchd,1966,2,442,TA,TA
363,BuiltIn,2003,2,672,TA,TA
686,Attchd,1984,2,577,TA,TA
289,Detchd,1970,1,280,TA,TA
1214,Attchd,1965,1,364,TA,TA
242,,,0,472.980137,,
1181,Attchd,1990,2,693,TA,TA
1075,Attchd,2006,3,826,TA,TA
756,Detchd,1999,2,440,TA,TA
437,Detchd,1990,2,440,TA,TA
129,Attchd,1966,2,453,TA,TA
299,Attchd,1968,2,539,TA,TA
1210,Attchd,2006,2,500,TA,TA
224,Detchd,1989,2,576,TA,TA
395,Detchd,1940,1,240,TA,TA
629,Attchd,1969,2,504,TA,TA
280,Attchd,1977,2,505,TA,TA
638,BuiltIn,1954,1,256,TA,TA
584,Detchd,1988,2,880,Gd,TA
1284,,,0,472.980137,,
163,Attchd,2005,2,532,TA,TA
50,Attchd,1966,1,386,TA,TA
1056,Attchd,1976,2,478,TA,TA
1025,Attchd,1976,2,665,TA,TA
257,Attchd,2003,2,673,TA,TA
74,Attchd,1989,2,490,TA,TA
1453,Basment,2005,2,525,TA,TA
981,Attchd,1961,2,588,TA,TA
550,BuiltIn,2003,2,615,TA,TA
481,Attchd,2004,3,772,TA,TA
721,Attchd,1985,2,564,TA,TA
824,Detchd,1940,1,240,TA,TA
1355,Attchd,2000,3,839,TA,TA
611,Attchd,2000,3,736,TA,TA
865,Attchd,2008,2,529,TA,TA
272,Attchd,1954,2,439,TA,TA
994,Attchd,2005,2,564,TA,TA
1320,Attchd,1954,1,248,TA,TA
652,Detchd,1940,1,296,Fa,Po
1315,Detchd,1956,1,280,TA,TA
1263,Attchd,1957,1,304,TA,TA
33,Attchd,2007,2,484,TA,TA
1232,Attchd,1962,2,540,TA,TA
1423,Attchd,2003,2,420,TA,TA
1457,Attchd,1978,2,500,TA,TA
264,Detchd,1974,2,484,TA,TA
540,Attchd,2001,2,670,TA,TA
871,Detchd,1962,1,308,TA,TA
838,Detchd,1973,1,264,TA,TA
962,Attchd,1977,2,619,TA,TA
431,Detchd,1971,1,264,TA,TA
667,CarPort,1965,2,596,TA,TA
374,Attchd,1953,1,270,TA,TA
573,Attchd,2009,2,650,TA,TA
310,Attchd,2003,3,708,TA,TA
854,Attchd,1964,2,645,TA,TA
579,Detchd,2007,2,540,TA,TA
131,Attchd,1966,2,487,TA,TA
1376,Attchd,2007,3,722,TA,TA
364,Detchd,1972,1,264,TA,TA
366,Detchd,1964,1,468,TA,Fa
727,Attchd,1988,2,540,TA,TA
831,Attchd,1957,2,458,TA,TA
1016,Attchd,2001,2,528,TA,TA
785,,,0,472.980137,,
650,,,0,472.980137,,
240,Detchd,1949,1,220,TA,TA
882,Attchd,1990,2,400,TA,TA
1455,Attchd,2004,2,400,TA,TA
554,Detchd,2002,2,520,TA,TA
567,BuiltIn,2005,3,656,TA,TA
402,Attchd,2005,2,400,TA,TA
839,Attchd,1999,1,352,TA,TA
830,Detchd,2005,2,480,TA,TA
428,Detchd,1964,1,352,TA,TA
61,Detchd,2006,2,576,TA,TA
872,Attchd,1998,2,523,TA,TA
201,Attchd,2003,2,440,TA,TA
575,BuiltIn,1971,1,288,TA,TA
716,Attchd,1974,2,478,TA,TA
748,Detchd,1950,4,864,TA,TA
543,Attchd,1998,2,583,TA,TA
14,Attchd,2006,3,840,TA,TA
196,Attchd,1976,2,440,TA,TA
213,Attchd,2009,2,644,TA,TA
898,Detchd,1979,2,528,TA,TA
1149,Detchd,1982,1,288,TA,TA
549,Detchd,1963,2,720,TA,TA
58,Attchd,2004,2,565,TA,TA
1386,Detchd,1922,1,240,TA,TA
1310,Attchd,1991,2,496,TA,TA
528,Attchd,2008,3,858,TA,TA
233,Attchd,1972,1,288,TA,TA
982,Attchd,1998,3,676,TA,TA
1072,Attchd,1968,2,441,TA,TA
344,Attchd,2005,2,564,TA,TA
1022,Attchd,2006,2,632,TA,TA
983,Attchd,2007,2,388,TA,TA
803,Attchd,2005,2,410,TA,TA
1091,Detchd,1987,2,400,TA,TA
339,Attchd,1984,2,440,TA,TA
31,Detchd,1920,1,250,TA,Fa
846,Basment,1975,2,611,TA,TA
323,Attchd,1987,2,576,TA,TA
1252,Attchd,2003,2,478,TA,TA
380,Attchd,2000,2,463,TA,TA
165,Detchd,1926,1,216,TA,TA
1050,Detchd,1946,1,308,TA,TA
379,Attchd,2010,3,834,TA,TA
849,Detchd,1908,2,360,Fa,TA
161,Attchd,1984,2,516,TA,TA
1431,BuiltIn,2005,2,372,TA,TA
259,Attchd,2001,2,564,TA,TA
874,Attchd,1949,1,288,TA,TA
19,Detchd,2004,2,576,TA,TA
920,Attchd,1990,2,601,TA,TA
399,Detchd,1920,1,338,Po,Po
653,Attchd,1996,2,512,TA,TA
2,Attchd,1976,2,460,TA,TA
1003,Attchd,2006,3,824,TA,TA
84,Detchd,1974,2,461,TA,TA
968,Attchd,1955,1,260,TA,TA
352,Attchd,1986,2,445,TA,TA
926,Attchd,1977,2,540,TA,TA
1009,Attchd,2004,2,550,TA,TA
1402,Attchd,2004,2,398,TA,TA
177,Attchd,1988,2,521,TA,TA
234,Attchd,1976,1,308,TA,TA
342,CarPort,1950,1,294,TA,TA
989,Attchd,1976,2,551,TA,TA
977,,,0,472.980137,,
174,Attchd,1961,2,504,TA,TA
624,Detchd,2000,2,440,TA,TA
307,Attchd,1990,3,746,TA,TA
173,Attchd,1987,2,504,Gd,TA
151,Attchd,1975,2,440,TA,TA
408,Attchd,1960,1,308,TA,TA
622,Attchd,1974,2,624,TA,TA
46,Attchd,2005,2,576,TA,TA
921,Attchd,1994,2,471,TA,TA
184,Detchd,2003,2,484,TA,TA
1425,Detchd,1970,1,484,TA,TA
700,Attchd,2004,2,530,TA,TA
392,BuiltIn,2001,2,560,TA,TA
189,Detchd,1979,2,528,TA,TA
185,Attchd,1986,2,576,TA,TA
157,Detchd,1950,2,625,TA,TA
1422,Attchd,1977,2,440,TA,TA
11,Detchd,1965,1,384,TA,TA
795,Attchd,1994,2,409,TA,TA
463,Detchd,1965,1,360,TA,TA
468,Attchd,1942,1,312,TA,TA
1452,Attchd,2008,3,840,TA,TA
467,Attchd,1970,2,526,TA,TA
285,Attchd,1992,2,529,TA,TA
1451,,,0,472.980137,,
970,Attchd,1958,1,264,TA,TA
723,Detchd,1994,2,463,TA,TA
1427,Attchd,1994,2,525,TA,TA
836,Attchd,1996,2,436,TA,TA
1296,Attchd,1968,1,288,TA,TA
1123,Basment,1956,1,288,TA,TA
1124,,,0,472.980137,,
642,Attchd,2001,2,650,TA,TA
457,Detchd,1916,3,513,Fa,Fa
1153,Attchd,1956,2,470,TA,TA
626,Attchd,1962,2,440,TA,TA
425,Attchd,1956,1,297,TA,TA
769,Attchd,2004,2,484,TA,TA
128,,,0,472.980137,,
1302,Attchd,1942,1,213,TA,TA
855,Attchd,1955,2,454,TA,TA
880,Attchd,1978,1,336,TA,TA
796,Attchd,1980,2,476,TA,TA
594,Attchd,2003,2,420,TA,TA
1418,Attached,1998,3,1069,TA,TA
928,Attchd,1968,2,486,TA,TA
417,Attchd,1978,2,440,TA,TA
1316,Attchd,1969,2,576,TA,TA
401,Attchd,1996,2,500,TA,TA
750,Detchd,1945,1,240,TA,TA
599,Attchd,1977,2,621,TA,TA
235,BuiltIn,2002,2,440,TA,TA
524,BuiltIn,2007,3,884,TA,TA
87,BuiltIn,2005,2,400,TA,TA
980,Detchd,1963,2,480,TA,TA
694,Detchd,1968,1,326,TA,TA
588,Detchd,1996,2,528,TA,TA
1330,Attchd,1998,2,462,TA,TA
38,Attchd,1954,2,498,TA,TA
635,Detchd,1980,2,576,TA,TA
9,Detchd,1931,2,468,Fa,TA
88,Detchd,2009,2,528,TA,TA
525,Attchd,1996,3,834,TA,TA
1014,Detchd,1956,1,280,TA,TA
485,Detached,1963,1,264,TA,TA
263,Attchd,1978,2,492,TA,TA
720,Attchd,1969,1,300,TA,TA
225,Attchd,2003,3,968,TA,TA
1294,Attchd,1976,2,528,TA,TA
677,2Types,1920,3,779,Fa,Fa
996,Detchd,1946,1,305,TA,TA
1217,Attchd,1978,2,539,TA,TA
915,Detchd,2009,2,528,TA,TA
583,,,0,472.980137,,
207,Attchd,1962,1,349,TA,TA
1048,Detchd,1996,2,672,TA,TA
641,Attchd,2003,2,588,TA,TA
215,Attchd,1977,1,299,TA,TA
75,Detchd,1915,1,379,TA,TA
231,Attchd,1959,1,312,TA,TA
1334,Detchd,1951,1,297,TA,TA
1392,Detchd,1967,3,792,TA,TA
313,Detchd,1939,2,410,TA,TA
118,Attchd,2007,2,430,TA,TA
826,Attached,2007,3,1220,TA,TA
454,Attchd,2008,2,676,TA,TA
1110,Attchd,2004,3,862,TA,TA
1447,Attchd,1962,1,312,TA,TA
572,Attchd,1959,1,288,TA,TA
850,Attchd,1976,2,512,TA,TA
645,Attchd,2009,3,478,TA,TA
452,Attchd,1975,2,576,TA,TA
212,Attchd,2009,2,460,TA,TA
1292,Detchd,1972,1,264,TA,TA
1273,Attchd,1965,1,288,TA,TA
562,Attchd,1975,2,418,TA,TA
249,Attchd,2003,2,500,TA,TA
351,Attchd,2007,2,617,TA,TA
765,Attchd,1995,2,481,TA,TA
1269,BuiltIn,1982,3,1014,TA,TA
861,Detchd,1925,1,216,TA,TA
1259,Attchd,2005,2,400,TA,TA
10,Attchd,1939,1,205,Gd,TA
504,Attchd,1959,2,484,TA,TA
1308,Detchd,2000,2,480,TA,TA
1161,Attchd,1978,2,440,TA,TA
802,Detchd,1957,2,440,TA,TA
552,Attchd,1957,1,288,TA,TA
536,,,0,472.980137,,
776,Attchd,1998,2,412,TA,TA
675,Attchd,1965,1,384,TA,TA
607,Detchd,2000,2,576,TA,TA
527,Attchd,1956,1,252,TA,TA
1150,Detchd,1930,2,324,TA,TA
759,Detchd,1999,2,440,TA,TA
1139,Attchd,1977,2,714,TA,TA
883,BuiltIn,1993,2,389,TA,TA
1103,Attchd,1960,1,254,TA,TA
228,Detchd,1987,1,280,TA,TA
842,Detchd,1983,2,686,Gd,TA
1100,Attchd,1978,2,478,TA,TA
580,Attchd,1954,1,352,Fa,TA
581,Attchd,1960,2,572,TA,TA
27,Detchd,2005,2,576,TA,TA
78,Detchd,1948,1,240,TA,TA
79,,,0,472.980137,,
851,Attchd,2003,2,420,TA,TA
152,Attchd,2007,3,866,TA,TA
119,Attchd,1990,3,594,TA,TA
1243,Attchd,1974,2,528,TA,TA
348,Attchd,1960,2,498,TA,TA
892,Attchd,1978,2,440,TA,TA
427,Attchd,1989,2,569,TA,TA
290,Detchd,2003,1,384,TA,TA
1008,Attchd,1970,1,286,TA,TA
1224,Detchd,1951,2,528,TA,TA
587,Detchd,1961,1,275,TA,TA
1026,Detchd,1980,2,461,TA,TA
1094,Detchd,1977,2,884,TA,TA
461,BuiltIn,2009,2,552,TA,TA
1062,Detchd,1994,3,1248,TA,TA
828,Attchd,2001,2,527,TA,TA
811,Attchd,1974,2,484,TA,TA
541,Attchd,2006,3,765,TA,TA
636,,,0,472.980137,,
1092,Detchd,1999,2,462,TA,TA
728,Attchd,2007,2,632,TA,TA
1384,Attchd,2007,2,576,TA,TA
953,Detchd,1974,1,396,TA,TA
841,Detchd,1934,1,400,TA,TA
832,Detchd,2005,2,480,TA,TA
436,Attchd,1996,2,550,TA,TA
640,Attchd,2006,3,648,TA,TA
1265,Attchd,1998,2,511,TA,TA
414,Detchd,1927,2,360,TA,TA
1426,Detchd,1960,2,528,TA,TA
245,Attchd,1994,2,463,TA,TA
169,Attchd,2004,2,440,TA,TA
284,Attchd,2008,3,898,TA,TA
217,Attchd,2004,2,484,TA,TA
48,Attchd,2006,3,826,TA,TA
1256,Detchd,1978,1,560,TA,TA
1006,Attchd,1977,1,328,TA,TA
1290,BuiltIn,2006,3,753,TA,TA
888,Attchd,1955,1,300,TA,TA
160,Attchd,2006,2,576,TA,TA
1017,Attchd,1996,2,478,TA,TA
620,Attchd,2003,3,749,TA,TA
20,Attchd,1958,1,294,TA,TA
917,Detchd,1958,1,308,TA,TA
893,Attchd,1963,1,264,TA,TA
1297,Attchd,1963,2,525,TA,TA
555,BuiltIn,2003,3,871,TA,TA
600,Attchd,1980,2,452,TA,TA
1192,Detchd,1999,2,492,TA,TA
375,BuiltIn,2003,2,434,TA,TA
1122,Attchd,2005,3,782,TA,TA
382,Attchd,2006,2,572,TA,TA
991,Attchd,1997,3,870,TA,TA
298,Detchd,1997,2,576,TA,TA
1211,Attchd,1992,2,462,TA,TA
943,,,0,472.980137,,
1275,Detchd,1985,2,552,TA,TA
1174,,,0,472.980137,,
1005,Attchd,2005,2,457,TA,TA
451,Detchd,1932,1,270,Fa,Fa
664,Detchd,1974,2,588,TA,TA
1111,Attchd,1995,2,431,TA,TA
133,Detchd,1974,2,624,TA,TA
153,Attchd,1971,2,495,TA,TA
98,Attchd,1965,1,432,TA,TA
1456,Attchd,1999,2,460,TA,TA
269,Detchd,1966,1,924,Ex,Ex
731,Attchd,1995,2,608,TA,TA
70,Attchd,1953,2,667,TA,TA
430,Attchd,1988,2,576,TA,TA
1074,Attchd,1977,2,440,TA,TA
900,Attchd,1961,1,288,TA,TA
508,Attchd,2009,2,676,TA,TA
1328,Attchd,1982,1,264,TA,TA
711,,,0,472.980137,,
115,Detchd,1945,1,180,TA,TA
679,Attchd,2008,3,834,TA,TA
501,Detchd,1973,1,264,TA,TA
1436,Attchd,1962,2,462,TA,TA
1442,Attchd,2004,2,420,TA,TA
665,Attached,2005,3,1134,TA,TA
909,Attchd,1983,2,484,TA,TA
852,Attchd,2003,2,400,TA,TA
840,Detchd,1946,1,240,TA,TA
453,Attchd,1996,2,422,TA,TA
671,Attchd,2005,2,540,TA,TA
145,Detchd,1963,2,504,TA,TA
551,Attchd,1977,2,440,TA,TA
1147,Attchd,1985,2,403,TA,TA
884,Detchd,1997,1,440,TA,Gd
1309,Attchd,1948,2,528,TA,TA
593,Detchd,1985,2,816,TA,TA
183,Attchd,1957,1,252,TA,TA
614,,,0,472.980137,,
914,2Types,1949,3,871,TA,TA
1246,BuiltIn,1984,2,477,TA,TA
764,Attchd,1999,3,856,TA,TA
158,BuiltIn,2009,3,680,TA,TA
410,Attchd,2008,3,836,TA,TA
1433,Detchd,1928,1,216,Fa,Fa
181,Detchd,2000,2,440,TA,TA
604,Detchd,2004,2,480,TA,TA
1115,Detchd,1955,1,326,TA,TA
1068,Attchd,1964,2,442,TA,TA
1448,Attchd,1995,2,556,TA,TA
1283,Detchd,1977,2,484,TA,TA
706,,,0,472.980137,,
135,Attchd,1968,2,440,TA,TA
931,Attchd,2007,3,610,TA,TA
1038,BuiltIn,2001,2,905,TA,TA
881,Attchd,2005,2,450,TA,TA
1227,BuiltIn,2007,3,668,TA,TA
1170,Attchd,1995,3,807,TA,TA
1372,BuiltIn,1955,1,377,TA,TA
1366,Attchd,2000,2,663,TA,TA
751,,,0,472.980137,,
1264,Detchd,1940,2,520,TA,TA
605,Attchd,2002,2,530,TA,TA
940,Attchd,1940,1,349,TA,TA
858,Attchd,1994,2,343,TA,TA
122,Detchd,1979,1,264,TA,TA
866,Detchd,1973,2,902,TA,TA
791,Attchd,2005,2,397,TA,TA
924,Attchd,1993,2,533,TA,TA
1270,Attchd,1958,1,315,TA,TA
273,Attchd,1999,3,671,TA,TA
443,Detchd,1930,2,360,TA,TA
136,Attchd,1970,2,530,TA,TA
683,Attchd,1996,2,431,TA,TA
685,Attchd,1998,2,486,TA,TA
973,Attchd,1979,1,264,TA,TA
1230,Basement,1960,1,404,TA,TA
993,Attchd,1964,2,440,TA,TA
400,Attchd,2007,2,438,TA,TA
1385,Detchd,1939,1,280,TA,TA
123,Attchd,1958,1,288,TA,TA
726,Detchd,1989,2,660,TA,TA
564,Detchd,1955,2,396,TA,TA
782,Attchd,1992,2,484,TA,TA
867,Attchd,2007,3,870,TA,TA
315,Detchd,1925,2,546,Fa,TA
697,Detchd,1921,1,205,TA,TA
1200,Attchd,1974,2,459,TA,TA
433,Detchd,1971,2,440,TA,TA
951,Detchd,1980,2,720,TA,TA
887,Attchd,2005,2,588,TA,TA
1340,Attchd,1972,1,288,TA,TA
837,Detchd,1948,2,812,TA,TA
724,Detchd,1958,1,548,TA,TA
939,Attchd,2006,3,868,TA,TA
702,Attchd,1969,2,528,TA,TA
875,Detchd,1941,1,200,TA,TA
999,Detchd,1922,1,210,TA,Fa
821,Attchd,2003,2,595,TA,TA
319,Attchd,1993,3,656,TA,TA
1382,Attchd,1970,2,550,TA,TA
825,Attchd,2006,2,776,TA,TA
303,Attchd,2001,3,843,TA,TA
904,Attchd,2006,3,690,TA,TA
613,BuiltIn,2001,2,531,TA,TA
577,Detchd,1928,1,216,TA,TA
267,Attchd,1997,2,413,TA,TA
195,Detchd,1989,1,352,TA,TA
275,Attchd,1982,1,264,TA,TA
355,Attchd,1940,1,240,TA,TA
370,Detchd,1997,2,576,TA,TA
790,Attchd,1966,2,444,TA,TA
1046,Attchd,1955,2,452,TA,TA
1260,Attchd,1969,2,460,TA,TA
1146,Detchd,1928,1,225,TA,TA
1363,Attchd,1920,1,368,TA,TA
1411,Attchd,2001,2,622,TA,TA
440,Detchd,2005,2,528,TA,TA
804,BuiltIn,2009,3,1020,TA,TA
1212,Basement,1988,2,492,TA,TA
1420,Attchd,1969,2,540,TA,TA
1325,Attchd,2007,3,895,TA,TA
1415,Detchd,1922,2,370,TA,TA
952,Detchd,1979,1,300,TA,TA
1125,Attchd,1992,2,392,TA,TA
77,Detchd,1956,1,283,TA,TA
1156,Attchd,1976,2,528,TA,TA
1216,Detchd,1966,1,384,TA,TA
171,Detchd,1991,2,660,TA,TA
1331,Attchd,2006,3,825,TA,TA
786,Attchd,1967,2,457,TA,TA
246,Attchd,1988,2,604,TA,TA
689,Attchd,2007,2,567,TA,TA
1205,Attchd,1975,2,495,TA,TA
960,Detchd,1999,2,484,TA,TA
906,Attchd,1954,1,280,TA,TA
1171,Attchd,1977,1,358,TA,TA
388,Detchd,1977,1,352,TA,TA
570,Detchd,1979,2,600,TA,TA
39,Detchd,1953,1,246,TA,TA
282,Attchd,2006,2,572,TA,TA
418,Detchd,1918,3,864,TA,TA
206,Attchd,1990,2,500,TA,TA
393,Attchd,1959,1,294,TA,TA
140,Attchd,1997,2,470,TA,TA
822,Detchd,1974,2,576,TA,TA
214,Attchd,1996,2,576,TA,TA
1065,Attchd,1966,2,480,TA,TA
1199,Attchd,2001,2,573,TA,TA
1378,Detchd,1977,2,660,TA,TA
835,Attchd,1961,2,456,TA,TA
248,Attchd,1954,2,451,TA,TA
139,Attchd,1999,3,660,TA,TA
1354,Attchd,1996,3,666,TA,TA
59,BuiltIn,2006,3,641,TA,TA
391,Detchd,1978,1,384,TA,TA
199,,,0,472.980137,,
156,,,0,472.980137,,
1291,Attchd,1964,2,484,TA,TA
470,Attchd,1993,2,506,TA,TA
815,Detchd,1955,1,280,TA,TA
529,,,0,472.980137,,
1127,Attchd,2007,3,660,TA,TA
80,Detchd,1966,2,440,TA,TA
1268,Attchd,2009,3,746,TA,TA
197,Attchd,2007,3,786,TA,TA
1061,Attchd,2001,2,582,TA,TA
474,Attchd,2006,3,908,TA,TA
306,Attchd,2004,3,888,TA,TA
69,Attchd,1945,1,220,TA,TA
978,Attchd,2007,2,569,TA,TA
322,BuiltIn,2004,3,872,TA,TA
958,Detchd,1977,2,576,TA,TA
71,Attchd,1973,2,516,TA,TA
514,Attchd,1983,2,484,TA,TA
944,Attchd,1967,2,576,TA,TA
1189,Attchd,2002,2,493,TA,TA
592,BuiltIn,2008,3,842,TA,TA
950,Attchd,1972,2,676,TA,TA
606,Attchd,1965,2,486,TA,TA
202,Detchd,1980,2,473,TA,TA
777,Attchd,2005,3,865,TA,TA
338,Attchd,2002,2,532,TA,TA
1458,Attchd,1941,1,252,TA,TA
736,Detchd,1914,2,320,TA,TA
1332,Detchd,1976,2,576,TA,TA
869,Attchd,1979,2,672,TA,TA
1032,Basment,1970,2,672,TA,TA
1434,Attchd,2000,2,451,TA,TA
746,BuiltIn,1994,2,831,TA,TA
1010,,,0,472.980137,,
627,Attchd,1960,1,286,TA,TA
262,BuiltIn,2007,3,868,TA,TA
1255,BuiltIn,2003,2,397,TA,TA
1327,,,0,472.980137,,
332,Attchd,1958,1,308,TA,TA
972,BuiltIn,2003,2,474,TA,TA
1188,Attchd,1994,3,757,TA,TA
325,BuiltIn,1961,2,564,TA,TA
1379,Detchd,1973,1,264,TA,TA
1131,Detchd,1981,2,576,TA,TA
1132,,,0,472.980137,,
877,Attchd,1963,2,648,TA,TA
703,BuiltIn,2006,3,666,TA,TA
1054,Basment,1957,1,364,TA,TA
117,Attchd,1962,1,288,TA,TA
86,Attchd,1991,2,462,TA,TA
24,Attchd,1976,2,572,TA,TA
757,Attchd,2007,2,578,TA,TA
373,Attchd,1984,1,264,TA,TA
974,Attchd,2007,2,480,TA,TA
489,Attchd,1970,2,520,TA,Fa
910,Attchd,2005,2,390,TA,TA
771,Detchd,1983,2,576,TA,TA
1401,BuiltIn,1929,1,208,TA,TA
897,Detchd,1936,1,327,TA,TA
729,Detchd,1968,3,888,TA,TA
47,Attchd,2003,2,670,TA,TA
615,,,0,472.980137,,
1142,Attchd,1976,2,484,TA,TA
1033,Attchd,1993,3,796,TA,TA
1272,Attchd,1968,2,462,TA,TA
1034,Attchd,2002,3,900,TA,TA
1221,Attchd,1964,1,288,TA,TA
455,Detchd,1976,2,560,TA,TA
1368,Attchd,1977,1,336,TA,TA
818,Attchd,2002,3,857,TA,TA
768,Attchd,1989,1,423,TA,TA
268,Detchd,1939,1,240,TA,TA
1233,CarPort,1962,2,462,TA,TA
292,,,0,472.980137,,
1326,,,0,472.980137,,
37,Attchd,1995,2,672,TA,TA
704,Detchd,1999,2,672,TA,TA
459,Detchd,1925,1,228,TA,TA
1069,Attchd,1973,2,576,TA,TA
998,Attchd,1970,2,615,TA,TA
634,Attchd,1954,1,260,TA,TA
434,Attchd,1997,2,470,TA,TA
409,Attchd,2006,3,947,TA,TA
1335,Attchd,1970,2,440,TA,TA
969,,,0,472.980137,,
895,Attchd,1979,2,400,TA,TA
598,Attchd,2006,3,648,TA,TA
407,Detchd,1936,1,240,TA,TA
688,Detchd,2004,2,480,TA,TA
1112,Attchd,1976,2,483,TA,TA
35,Attchd,2005,2,556,TA,TA
304,Attchd,1975,2,552,TA,TA
1207,Detchd,1966,1,384,TA,TA
576,Detchd,1947,1,336,TA,TA
49,,,0,472.980137,,
51,Attchd,1997,2,388,TA,TA
340,Attchd,1958,1,297,TA,TA
876,BuiltIn,2007,2,550,TA,TA
1286,Detchd,1939,1,280,TA,TA
237,Attchd,2004,2,494,TA,TA
1185,2Types,1963,3,995,TA,TA
621,,,0,472.980137,,
929,Attchd,2001,2,522,TA,TA
1319,Attchd,2001,3,748,TA,TA
53,CarPort,1963,2,516,TA,TA
1157,Attchd,1965,2,502,TA,TA
124,Attchd,1993,2,530,TA,TA
1388,Detchd,1916,1,216,TA,TA
424,Attchd,1998,3,696,TA,TA
1289,Attchd,2000,2,499,TA,TA
807,Attchd,1967,1,384,TA,TA
560,Attchd,2003,2,420,TA,TA
674,Attchd,1957,2,416,TA,TA
477,Attchd,1997,2,508,TA,TA
223,Attchd,1975,2,434,TA,TA
464,Detchd,1939,1,240,TA,TA
891,Detchd,2003,2,576,TA,TA
416,Attchd,2007,2,396,TA,TA
520,Detchd,1926,1,282,TA,TA
1040,Attchd,1970,1,286,TA,TA
890,Attchd,1953,2,505,TA,TA
1102,Detchd,1981,1,280,TA,TA
847,Attchd,1993,2,425,TA,TA
1250,Attchd,1950,1,276,TA,TA
740,Attchd,2004,2,572,TA,TA
630,Attchd,1964,2,520,TA,TA
1082,Attchd,1963,1,308,TA,TA
188,Detchd,1916,1,180,Fa,Fa
1000,Attchd,2006,2,632,TA,TA
922,,,0,472.980137,,
1019,Attchd,1991,2,402,TA,TA
709,Attchd,2007,2,400,TA,TA
448,Attchd,1998,2,431,TA,TA
670,Detchd,1922,1,252,TA,Fa
1370,Attchd,2003,2,502,TA,TA
309,Detchd,1961,2,539,TA,TA
191,Detchd,1932,2,440,TA,TA
91,Detchd,1950,2,420,TA,TA
1306,Attchd,2006,2,840,TA,TA
1248,Attchd,1976,3,888,TA,TA
512,Attchd,2005,2,474,TA,TA
1159,Attchd,2008,3,830,TA,TA
127,Attchd,1977,2,440,TA,TA
320,Attchd,1980,2,588,TA,TA
381,Detchd,1924,1,308,TA,TA
1393,Attchd,1967,1,288,TA,TA
793,Attchd,1997,2,455,TA,TA
247,Detchd,1910,1,440,Po,Po
619,Attchd,2007,3,774,TA,TA
1029,Attchd,1941,1,240,TA,TA
899,Attchd,2009,3,820,TA,TA
138,2Types,1989,3,766,TA,TA
1012,,,0,472.980137,,
1394,Detchd,2003,2,672,Gd,TA
1070,Detchd,1985,2,576,TA,TA
499,Attchd,1967,1,288,TA,TA
1164,CarPort,1969,2,400,Fa,TA
203,Attchd,1924,1,398,TA,TA
879,Detchd,1987,2,576,TA,TA
799,BuiltIn,2009,3,820,TA,TA
597,Detchd,1930,1,216,TA,Fa
964,Attchd,2007,2,702,TA,TA
610,Attchd,1961,1,261,TA,TA
1321,Attchd,1957,2,442,TA,TA
66,BuiltIn,2004,3,852,TA,TA
1101,Detchd,1930,1,246,TA,TA
116,Detchd,1999,2,440,TA,TA
927,BuiltIn,2003,3,656,TA,TA
475,Attchd,2000,2,499,TA,TA
754,Attchd,2005,3,878,TA,TA
682,Detchd,1968,1,281,TA,TA
254,Attchd,1964,1,309,TA,TA
834,Attchd,1964,2,472,TA,TA
1096,Attchd,2006,2,440,TA,TA
617,Attchd,2002,2,393,TA,TA
412,Attchd,1955,2,572,TA,TA
83,Attchd,2007,3,758,TA,TA
205,Detchd,1948,1,240,TA,TA
794,Attchd,2007,2,474,TA,TA
894,Attchd,1954,1,354,TA,TA
1403,Attchd,2006,2,662,TA,TA
616,Attchd,1963,2,480,TA,TA
644,Attchd,1969,2,462,TA,TA
829,Attchd,1967,2,538,TA,TA
421,Attchd,1997,4,784,TA,TA
578,Attchd,1966,2,564,TA,TA
1341,Detchd,1974,4,480,TA,TA
714,Detchd,1970,2,576,TA,TA
1086,Attchd,1992,2,564,TA,TA
859,Attchd,1976,2,479,TA,TA
1359,Detchd,2000,2,440,TA,TA
662,Attchd,1994,3,711,TA,TA
1063,Detchd,1945,2,560,TA,TA
96,BuiltIn,1993,2,420,TA,TA
29,Attchd,1957,1,319,TA,TA
253,Attchd,2004,2,520,TA,TA
563,,,0,472.980137,,
526,Attchd,2005,2,453,TA,TA
864,Attchd,1959,1,672,TA,TA
707,Attchd,1971,2,739,TA,TA
302,BuiltIn,1998,2,683,TA,TA
789,Detchd,1954,1,281,Fa,TA
945,Basment,1958,2,525,TA,TA
730,Detchd,1962,2,539,TA,TA
889,Attchd,1970,2,621,TA,TA
518,Attchd,1996,3,889,TA,TA
238,Attchd,1993,2,457,TA,TA
1166,Attchd,2009,2,644,TA,TA
85,BuiltIn,1995,2,400,TA,TA
1235,,,0,472.980137,,
28,Attchd,2008,3,772,TA,TA
1356,Attchd,1968,2,487,TA,TA
537,Attchd,1998,2,527,TA,TA
959,Attchd,2003,2,531,TA,TA
513,Detchd,1964,2,624,TA,TA
1395,Attchd,2006,3,648,TA,TA
1031,,,0,472.980137,,
753,Attchd,1997,2,576,TA,TA
760,Attchd,1995,3,752,TA,TA
54,Attchd,1981,3,894,TA,TA
415,Attchd,1993,3,678,TA,TA
1168,Attchd,2000,2,472,TA,TA
444,Attchd,2007,3,648,TA,TA
1030,Detchd,1972,1,264,TA,TA
296,Detchd,1984,2,588,TA,TA
144,Attchd,1999,2,577,TA,TA
1219,,,0,472.980137,,
472,Attchd,1977,2,534,TA,TA
232,Attchd,1995,3,810,TA,TA
111,Attchd,1954,1,325,TA,TA
134,Attchd,2001,2,471,TA,TA
719,Attchd,1993,3,983,TA,TA
495,Attchd,1938,1,273,TA,TA
7,Attchd,2004,2,636,TA,TA
509,Detchd,1928,2,360,TA,TA
1095,Attchd,1956,1,308,TA,TA
318,Attached,2006,3,1025,TA,TA
654,Detchd,1906,1,216,TA,TA
1406,Attchd,2004,2,482,TA,TA
378,Attchd,2004,2,610,TA,TA
97,Attchd,1999,2,472,TA,TA
120,Attchd,2005,2,390,TA,TA
699,Detchd,1973,1,336,TA,TA
278,Detached,1951,2,400,TA,TA
1375,Attchd,2005,3,936,TA,TA
603,Attchd,1992,2,506,TA,TA
26,Attchd,2007,3,890,TA,TA
569,BuiltIn,1983,2,612,Gd,TA
57,Attchd,1999,2,480,TA,TA
956,Attchd,1946,2,492,TA,TA
901,Detchd,1979,1,684,TA,TA
1144,,,0,472.980137,,
1441,Detchd,1993,2,672,TA,TA
1285,Detchd,1969,1,336,TA,TA
252,Attchd,2006,2,538,TA,TA
767,Attchd,1988,2,496,TA,TA
1322,Detchd,1955,1,287,TA,Fa
293,Attchd,1949,1,281,TA,TA
1381,Detchd,1938,1,200,TA,Fa
698,Detchd,1952,1,308,TA,TA
40,,,0,472.980137,,
1108,BuiltIn,2006,2,422,TA,TA
691,Attchd,2004,2,420,TA,TA
632,Attchd,2006,2,627,TA,TA
63,Attchd,2006,2,484,TA,TA
661,Attchd,1976,2,550,TA,TA
105,Detchd,1951,1,240,TA,TA
1421,Attchd,1968,2,776,TA,TA
1396,BuiltIn,2005,3,642,TA,TA
1267,Detchd,1960,1,308,TA,TA
742,Detchd,1962,1,288,TA,TA
279,Attchd,2007,3,732,TA,TA
317,Attchd,1983,2,484,TA,TA
1163,Attchd,1968,2,450,TA,TA
657,Attchd,1959,1,312,TA,TA
1362,Attchd,2005,2,430,TA,TA
300,Attchd,1950,1,300,TA,TA
243,Attchd,1940,1,352,Fa,TA
1044,Attchd,1990,2,514,TA,TA
774,Attchd,1958,1,275,TA,TA
411,Attchd,1958,1,350,TA,TA
266,Attchd,1981,2,576,TA,TA
404,BuiltIn,1998,2,420,TA,TA
805,Attchd,1954,1,286,TA,TA
1077,Attchd,1950,2,566,TA,TA
439,Detchd,1990,1,352,Gd,TA
1304,Attchd,2005,3,834,TA,TA
911,Detchd,1960,2,480,TA,TA
1018,Attchd,1984,2,565,TA,TA
819,Attchd,1971,2,440,TA,TA
383,Attchd,2006,2,639,TA,TA
155,Detchd,1923,1,312,Fa,Fa
1052,Attchd,2007,2,440,TA,TA
546,Attchd,1988,3,786,TA,TA
749,Attchd,1996,2,527,TA,TA
1134,Attchd,1995,2,466,TA,TA
976,Detchd,2000,2,490,TA,TA
755,Detchd,1969,2,440,TA,TA
995,Attchd,2008,3,786,TA,TA
1282,Attchd,1990,2,484,Gd,Gd
36,BuiltIn,2004,3,691,TA,TA
997,Attchd,1961,1,368,TA,TA
126,,,0,472.980137,,
1208,Attchd,2003,2,544,TA,TA
808,Attchd,1923,2,528,TA,TA
735,Attchd,1968,1,300,TA,TA
1117,BuiltIn,2002,2,527,TA,TA
1178,Detchd,1926,1,210,TA,TA
1226,Attchd,1958,1,264,TA,TA
103,Attchd,1979,2,410,TA,TA
1097,,,0,472.980137,,
1371,Detchd,1967,1,338,TA,TA
1237,BuiltIn,2003,2,474,TA,TA
1333,Detchd,1958,1,288,Fa,Fa
329,Detchd,1930,2,441,TA,TA
376,,,0,472.980137,,
1277,Attchd,1972,2,497,TA,TA
681,Attchd,1980,1,264,TA,TA
672,Detchd,1930,1,300,TA,TA
1414,Attchd,2005,2,620,TA,TA
1357,Attchd,1966,1,264,TA,TA
820,Attchd,2010,2,484,TA,TA
949,Attchd,2002,2,474,TA,TA
933,Attchd,2006,3,788,TA,TA
1391,Attchd,2000,2,541,TA,TA
1249,Detached,1950,2,396,Fa,Fa
222,BuiltIn,2002,2,390,TA,TA
772,Detchd,1951,2,396,TA,TA
722,Attchd,2004,2,420,TA,TA
230,Attchd,2005,2,430,TA,TA
89,,,0,472.980137,,
678,Detchd,1924,1,240,Fa,Fa
432,,,0,472.980137,,
863,Attchd,1986,2,480,TA,TA
668,Attchd,1994,2,575,TA,TA
132,BuiltIn,2000,2,390,TA,TA
934,Attchd,2004,2,570,TA,TA
4,Detchd,1998,3,642,TA,TA
942,BuiltIn,1999,2,390,TA,TA
1337,Detchd,1973,2,506,TA,TA
192,Attchd,1972,2,484,TA,TA
1037,Attchd,2008,3,912,TA,TA
947,Attchd,1959,1,796,TA,TA
480,Detchd,1995,2,672,TA,TA
1459,Attchd,1950,1,240,TA,TA
522,Attchd,1957,1,336,TA,TA
1234,Attchd,1959,2,531,TA,TA
1182,Attchd,2008,2,482,TA,TA
15,Attchd,1960,1,352,TA,TA
623,Detchd,1986,2,484,TA,TA
1313,Attchd,1990,2,750,Gd,Gd
229,Detchd,1974,1,336,TA,TA
1439,Attchd,1957,2,923,TA,TA
1242,Attchd,2007,3,954,TA,TA
743,Attchd,2000,2,539,TA,TA
471,Attchd,1985,2,528,TA,TA
150,Detached,1936,1,240,Fa,TA
643,Attchd,1972,2,538,TA,TA
656,Detchd,1971,1,264,TA,TA
398,Attchd,1962,1,264,TA,TA
72,Detchd,1987,2,360,TA,TA
781,Attchd,1995,2,402,TA,TA
713,Attchd,1988,2,472,TA,TA
1374,Attchd,2001,3,804,TA,TA
1055,Attchd,2002,2,586,TA,TA
17,Attchd,1970,2,480,TA,TA
655,Attchd,1995,3,839,TA,TA
1460,Attchd,1965,1,276,TA,TA
1454,,,0,472.980137,,
1279,Attchd,2002,2,577,TA,TA
1344,Detchd,1929,2,342,Fa,Fa
1254,Attchd,1974,2,518,TA,TA
693,Attchd,1989,2,628,TA,TA
763,Attchd,2009,2,614,TA,TA
1218,Attchd,2009,2,552,TA,TA
360,Attchd,1998,2,592,TA,TA
937,Attchd,2003,2,555,TA,TA
1203,Detchd,1960,1,216,TA,TA
860,Attchd,1968,2,619,TA,TA
497,Attchd,1992,2,546,TA,TA
211,,,0,472.980137,,
187,Attchd,1990,2,497,TA,TA
194,Detchd,2004,2,380,TA,TA
1387,Attchd,1978,2,564,TA,TA
261,Attchd,1991,2,884,TA,TA
532,Detchd,1920,2,502,TA,Fa
516,Attchd,2009,3,900,TA,TA
287,Attchd,1962,2,440,TA,TA
903,Attchd,2003,2,393,TA,TA
589,Attchd,1968,1,452,TA,TA
498,Detchd,1925,1,240,TA,TA
25,Attchd,1968,1,270,TA,TA
487,Attchd,1965,2,515,TA,TA
